Member of Technical Staff I,Juniper Networks,6.7
Member of Technical Staff II,Juniper Networks,9.3
Member of Technical Staff III,Juniper Networks,12.1
Member of Technical Staff IV,Juniper Networks,19.4
Program Manager,Juniper Networks,20.6
QA Engineer III,Juniper Networks,12.6
Senior Software Engineer,Juniper Networks,10.8
Software Engineer,Juniper Networks,12.1
Technical Systems Analyst 5,Juniper Networks,20.5
Project architect,Kapl,6.1
Trainee Accountant,KBIHM Consulting,0.6
Project Manager,Keane,8.7
Senior Software Engineer,Keane,4.6
Software Engineer,Keane,3.8
Team Lead,Keane,8
Account Executive,Kerry Logistics,1.9
Lemar,Kingfisher airlines,10.7
Regional Manager,Kisan Mouldings,9.5
Associate Software Developer,Klonec Innovations,2.3
Senior Software Engineer,Komli Media,24.4
Software Engineer,Komli Media,15.6
Associate Engineer,Kony Labs,6.5
Corporate Banking Relationship Manager,Kotak,9.7
Vice President,Kotak,47.8
Software Developer,KopyKitab.com,4.2
Deputy Manager,Kotak life insurance,3.2
Consultant,KPIT Infosystems,6.4
Member of Technical Staff,KPIT Infosystems,10.4
Senior Functional Consultant,KPIT Infosystems,10.8
Senior Software Engineer,KPIT Infosystems,8.1
Software Engineer,KPIT Infosystems,5.1
Systems Executive,KPIT Infosystems,4.7
Tech Lead,KPIT Infosystems,7.7
Advisory Assistant Manager,KPMG,13
Analyst,KPMG,8.2
Associate Consultant,KPMG,7.9
Consultant,KPMG,6
Executive,KPMG,6.1
Management Consulting Consultant,KPMG,8.6
Senior Consultant,KPMG,12.4
Senior Consultant (FI&DS),KPMG,7.9
Welding Engineer,Krishna Engg Works,3.2
Regional Sales Manager - South,Kunhar Peripherals,11.6
Senior Engineer,Lanco Infratech,9.1
Account Executive,Larsen & Toubro (L&T),7.6
Assistant Manager,Larsen & Toubro (L&T),7.9
Engineer,Larsen & Toubro (L&T),5.2
Executive,Larsen & Toubro (L&T),5.3
Graduate Engineer Trainee,Larsen & Toubro (L&T),3.4
Management Trainee,Larsen & Toubro (L&T),7.5
Senior Engineer,Larsen & Toubro (L&T),5.8
Analyst,Latentview Analytics,4.5
Business Analyst,Latentview Analytics,3.8
Hr manager,Lalitha jewellery,4.6
Senior Executive - Human Resources,Lakshya Digital,3.8
Operation and maintenance engineer,Larsen & Toubro (L&T) Shipbuilding,2.3
Associate Systems Engineer,Lexmark International,2.2
Senior Software Engineer,Lexmark International,6.9
Software Engineer,Lexmark International,11.1
Finance Controller,Leggett & Platt,9.2
Senior Software Engineer,Lemonpro Technologies,6.8
Deputy Manager,LG Electronics,3.4
Sales Manager,LG Electronics,7.5
Senior Engineer,LG Electronics,8.4
Senior Software Engineer,LG Electronics,11.2
Systems Analyst,Lionbridge,6.3
JBOSS Administrator,Live connections,9
Senior Software Development Engineer,Limberlink Technologies,12.6
Senior Software Engineer,Lister Technologies,6.3
Executive Engineer,Linde Engineering,10.6
Product Manager,LinkedIn,21.5
Sales,Lodha,4.2
IT Consultant,Logica,7.5
Software Engineer,Logica,5.1
Team Lead,Logica,11.1
Management Trainee,Lowe lintas,26.3
CRM developer,Locus IT,1.2
Manager,LRN,8.8
ASIC Verification Engineer,LSI,9.6
Senior ASIC Design Engineer,LSI,15.4
Senior Design Engineer,LSI,14.4
Senior Software Engineer,LSI,17.3
Software Engineer,LSI,9.5
Managing Director,Lubing India,16.2
Management Trainee,Lucid Software,6.3
Cabin Crew (Female) Air Hostess,Lufthansa,7.4
Assistant Manager,Maersk Line,6.1
Lead Engineer,Magna Infotech,12.6
Assistant Manager,Mahindra Group,5.4
Consultant,Mahindra Group,8.5
Graduate Engineer Trainee,Mahindra Group,5
Associate,Mahindra Satyam,4.4
Associate Consultant,Mahindra Satyam,6.2
Big Data Consultant,Mahindra Satyam,3.7
Business Analyst,Mahindra Satyam,6.7
Design Engineer,Mahindra Satyam,2.6
Project Lead,Mahindra Satyam,10.3
Project Manager,Mahindra Satyam,14.8
QA Lead,Mahindra Satyam,6.8
SAP Lead Consultant,Mahindra Satyam,9.7
Senior Consultant,Mahindra Satyam,18
Senior Software Engineer,Mahindra Satyam,6.2
Software Developer,Mahindra Satyam,3.8
Software Engineer,Mahindra Satyam,4.5
Systems Analyst,Mahindra Satyam,9.6
Team Lead,Mahindra Satyam,10.5
Test Analyst,Mahindra Satyam,4.2
Test Engineer,Mahindra Satyam,3.9
Test Lead,Mahindra Satyam,7.2
Quality Assurance Analyst,Manhattan Associates,6.5
Senior Software Analyst,Manhattan Associates,13.3
Senior Software Engineer,Manhattan Associates,10.3
Software Analyst,Manhattan Associates,8
Software Engineer,Manhattan Associates,7
Senior Software Development Engineer,MAQ Software,7.7
Software Developer,MAQ Software,6.3
Software Development Engineer,MAQ Software,4.8
Software Development Engineer In Test,MAQ Software,4.7
Associate,marketRx,7.4
Business Analyst,marketRx,6.5
Assistant Vice President,Markit,10.6
Vice President,Markit,15.4
Application Developer,Marlabs,1.6
Senior Software Engineer,Marlabs,3.6
Systems Engineer,Marlabs,1.6
Assistant Manager,Maruti Suzuki,6.5
Deputy Manager,Maruti Suzuki,8.8
Graduate Engineer Trainee,Maruti Suzuki,5.1
Software Engineer,Marvell Technology,9.2
Senior Software Design Engineer,Mascon Global,25.9
Senior Software Engineer,Mastek,5.8
Software Engineer,Mastek,4.8
Technical Team Lead,Mastek,8.3
Assistant Professor,Marwadi Education Foundation,5.7
Management Trainee,Marico,12
Catering Supervisor,Malabar Hill Club,1.7
Service Manager,Malabar Hill Club,4.4
Planner / Estimator,Mazagon Dock Ltd.,3.9
Assistant Manager - Marketing,Max Bupa Health Insurance,6.7
Senior Executive - Marketing,Manipal Health Enterprises,4.9
Senior Accountant,MA Realty,2.8
Associate Software Engineer,McAfee,4.8
Senior Financial Analyst,McAfee,13.4
Senior SQA Engineer,McAfee,9.5
Senior Software Engineer,McAfee,11.2
Senior Technical Lead,McAfee,29
Software Engineer,McAfee,6.6
Software QA Engineer,McAfee,8.2
Technical Lead,McAfee,15.9
Analyst,McKinsey & Company,7.8
Associate,McKinsey & Company,22.9
Business Analyst,McKinsey & Company,9.9
Consultant,McKinsey & Company,23.3
Junior Associate,McKinsey & Company,21.1
Junior Research Analyst,McKinsey & Company,5.2
Partner,McKinsey & Company,47.9
Research Analyst,McKinsey & Company,6.4
Senior Research Analyst,McKinsey & Company,11.3
Assistant Brand Manager,McCann World wide,4.5
Software Engineer,MediaTek,6.1
Module Lead,Megasoft,9.8
Senior Member of Technical Staff,Mentor Graphics,13.4
Engineer,Mercedes-Benz Research and Development India,6.2
AVP product delivery,Metabridge,25.2
Senior Technician,Metro Dairy,3.4
Software Engineer,Mercer,4.2
Product Developer,Mectron Dental,3.9
Applications Engineer,Microchip Technology,5.1
Junior Software Engineer,Microchip Technology,6.8
Principal Software Engineer,Microchip Technology,15.9
Engineer,Microland,3.6
Senior Engineer,Microland,4.3
Senior Manager,Microland,18.9
Senior Manager - Operations,Microland,15.8
Technical Support Engineer,Microland,3.5
Analyst,Microsoft,3.7
Associate Consultant,Microsoft,11.3
Consultant,Microsoft,15
Lead Software Development Engineer,Microsoft,14.5
Manager,Microsoft,12.8
Program Manager,Microsoft,17.5
Senior Program Manager,Microsoft,24.8
Senior Software Development Engineer In Test,Microsoft,31.8
Senior Test Lead,Microsoft,29.1
Software Development Engineer,Microsoft,13.4
Software Development Engineer In Test,Microsoft,13.4
Support Engineer,Microsoft,10.1
Technical Consultant,Microsoft,11.8
Technical Support Engineer,Microsoft,9.7
Test Lead,Microsoft,14.8
Software Engineer,Mindfire Solutions,4.8
Analyst,MindTree,7.3
Assistant Manager,MindTree,8.6
Associate,MindTree,4.6
Associate Consultant,MindTree,9.4
Associate Director - Business Development,MindTree,11.2
Business Analyst,MindTree,7.8
Consultant,MindTree,10.5
Lead,MindTree,8
Module Lead,MindTree,7
Principal Consultant,MindTree,20
Programmer Analyst,MindTree,4.4
Project Lead,MindTree,11.1
Project Manager,MindTree,16
Senior Analyst,MindTree,10.8
Senior Associate,MindTree,6
Senior Consultant,MindTree,12.8
Senior Engineer,MindTree,5.9
Senior Project Manager,MindTree,20.3
Senior Software Engineer,MindTree,5.3
Senior Test Engineer,MindTree,5.4
Software Engineer,MindTree,4.2
Technical Lead,MindTree,9.8
Test Engineer,MindTree,3.4
Test Specialist,MindTree,7.6
Tester,MindTree,4.2
Senior Verification Engineer,Mirafra Technologies,12.6
Software Engineer,Misys Banking Systems,9
Project Manager,Misys Software Solutions,23.1
Senior Business Analyst,Misys Software Solutions,20.3
Software Engineer,Misys Software Solutions,6.7
Consultant,Mindcraft,21.2
Associate Consultant,Model N,4.4
Analyst,Morgan Stanley,10.9
Manager,Morgan Stanley,15.7
Senior Associate,Morgan Stanley,10.1
Senior Manager - IT,Morgan Stanley,21.1
Senior Technical Associate,Morgan Stanley,11.6
Software Development Manager,Morgan Stanley,14.7
Technology Analyst,Morgan Stanley,11.8
Engineering Manager,Motorola Mobility,24.2
Engineering Project Manager,Motorola Mobility,23.6
Junior Software Engineer,Motorola Mobility,7
Senior Software Engineer,Motorola Mobility,11.2
Senior Staff Software Engineer,Motorola Mobility,19.9
Software Development Engineer,Motorola Mobility,5.2
Software Engineer,Motorola Mobility,6.5
Technical Lead,Motorola Solutions,12.4
Executive,Mother Dairy,3.9
Executive Sales,Moserbaer,4.4
Lead Quality Engineer,Motherson Sumi Systems,4.7
UI Developer L2,Mobikasa,7
Associate Consultant,MphasiS,7.4
Associate Information Architect,MphasiS,8.5
Associate Software Engineer,MphasiS,4.1
Business Analyst,MphasiS,10.1
Delivery Module Lead,MphasiS,8.6
Delivery Project Leader,MphasiS,14
Delivery Software Engineer,MphasiS,5.4
Junior Software Engineer,MphasiS,5.1
Lead Consultant,MphasiS,16.2
Module Lead,MphasiS,10.1
Program Manager,MphasiS,17.5
Project Lead,MphasiS,10.8
Project Manager,MphasiS,13.2
Project Manager - IT,MphasiS,5.9
Senior Analyst,MphasiS,8.9
Senior Software Engineer,MphasiS,8.1
Software Engineer,MphasiS,5.6
Team Lead,MphasiS,9.6
Trainee Software Engineer,MphasiS,3.6
Analyst,Mu Sigma,4.1
Associate Manager,Mu Sigma,9.9
Business Analyst,Mu Sigma,4
Manager,Mu Sigma,16.6
Senior Analyst,Mu Sigma,8.5
Senior Business Analyst,Mu Sigma,8.9
Senior Software Engineer,Nagarro Software,7.6
Consultant,National Institute for Smart Government,13.9
Applications Engineer,National Instruments,6.7
R&D Software Engineer,National Instruments,7.9
Software Engineer,National Instruments,7.9
Staff Software Engineer,National Instruments,8.8
Engineer,National Thermal Power,8.8
Accountant,National Insurance,1.6
Project Lead,National Stock Exchange,14.9
Manager Personnel & IR,Nalco Water India Limited,5.6
Branch sales manager,Naukri.com,10.3
Talent Manager,Naukri.com,46.7
Product Manager,Nature Technologies Pvt Ltd,18
Module Lead,NCR,15.4
Senior Software Engineer,NDS,9.7
Software Engineer,NDS,6.4
Technical Lead,NDS,15.8
Software Engineer,NDS Pay TV Solutions,6.7
Technical Lead,NDS Pay TV Solutions,12.5
Lead Development,Ness Technologies,12.1
Manual Tester,Ness Technologies,8.2
Oracle Application DBA,Ness Technologies,6.5
Senior Software Development Engineer,Ness Technologies,9.3
Senior Software Engineer,Ness Technologies,7.5
Software Engineer,Ness Technologies,3.6
Member of Technical Staff I,NetApp,8.8
Member of Technical Staff II,NetApp,11.8
Member of Technical Staff III,NetApp,13.8
Member of Technical Staff IV,NetApp,23
Business Analyst,Newgen Software,9.4
Delivery Project Leader,Newgen Software,15.1
Project Manager,Newgen Software,15.1
Senior Software Engineer,Newgen Software,8.6
Unit coordinator,Newbridge Business Centres,3.3
Admin/ facility officer,Netgear Research,3.4
Assistant Vice President - Sales,Newtech,47.7
Senior Test Engineer,Netlink,5.7
Senior Software Engineer,Network 18,6.6
Practice Lead,NEC,30.4
Business Analyst,Newgen,3.2
Senior Software Engineer,Neev,7.4
Software Engineer,Netcracker,5.6
Project Lead,Ness,12.6
Technical Analyst,Neebal Technologies,3.6
Senior Interactive Developer,Newco,6.3
Design Lead,Nihilent Technologies,11.4
Collections Executive,NIIT,4.1
Consultant,NIIT Technologies,18.4
Developer,NIIT Technologies,4.1
Project Manager,NIIT Technologies,19.2
Senior Software Engineer,NIIT Technologies,5.7
Senior Test Engineer,NIIT Technologies,12.6
Software Engineer,NIIT Technologies,4.8
Technology Analyst,NIIT Technologies,6.5
Test Engineer,NIIT Technologies,4.6
Java Architect,NIL Labs,12.8
Assistant Manager,NMDC,6.6
Architect,Nokia,13
Associate Software Engineer,Nokia,5.4
Management Trainee,Nokia,17
Product Manager,Nokia,24.3
Program Manager,Nokia,24.2
Project Manager,Nokia,23.5
R&D Engineer,Nokia,8.8
Senior Software Engineer,Nokia,11.5
Senior Test Engineer,Nokia,9.8
Software Engineer,Nokia,7.6
Software Test Engineer,Nokia,9.8
Specialist,Nokia,17
Development Lead,Nokia Siemens Networks,10.5
Packet Core Engineer,Nokia Siemens Networks,3.2
R&D Engineer,Nokia Siemens Networks,6.2
Senior Software Developer,Nokia Siemens Networks,8.9
Senior Software Engineer,Nokia Siemens Networks,9.7
Senior Testing Engineer,Nokia Siemens Networks,8.9
Software Developer,Nokia Siemens Networks,9.1
Software Engineer,Nokia Siemens Networks,7.1
Solution Engineer,Nokia Siemens Networks,11.8
Technical Lead,Nokia Siemens Networks,11.6
Developer Analyst,Nomura Holdings,5.5
Senior Analyst,Nomura Holdings,10.6
Software Developer,Nomura Holdings,8.7
Tech Lead,Nomura Holdings,12.7
Senior Software Developer,Nomura International,12.3
Analyst,Nomura Securities,6.8
Senior Analyst,Nomura Securities,6.8
Analyst,Northern Trust,2.2
Financial Analyst,Northern Trust,4.4
Portfolio Accounting Analyst,Northern Trust,3.5
Senior Associate (Operations),Northern Trust,6
Product Manager,Novell,22.5
Senior Associate,Novell,13.9
Software Consultant,Novell,10.8
Software Engineer Consultant,Novell,15.1
Software Specialist,Novell,16.5
Senior Software Engineer,Novellus,9
Software Support Engineer,Novellus,5.5
Assistant Manager - Operations,Nogle Technologies,2.2
Head - Program Management Office,Novozymes,43.8
Clinical Manager,Novartis,9.7
Clinical Publisher,Novartis,5.5
Assistant Software Engineer,Novell India Pvt. Ltd.,6.6
Senior Software Engineer,Novell India Pvt. Ltd.,5.9
Software Consultant,Novell India Pvt. Ltd.,13.9
Senior Systems Administrator,Nocme Technologies Pvt. Ltd.,2.2
Verification Engineer,nSys Design Systems,3.8
Junior Software Engineer,NTT DATA,3.2
Lead Engineer,NTT DATA,11.1
Team Lead,NTT DATA,5.8
Senior Software Engineer,Nucleus Software Exports,5.8
Software Engineer,Nucleus Software Exports,4.4
Test Engineer,Nucleus Software Exports,4
ASIC Design Engineer,NVIDIA,9.2
GPU QA Engineer,NVIDIA,8.1
Hardware Design Engineer,NVIDIA,16.1
Hardware Engineer,NVIDIA,9.8
QA Engineer,NVIDIA,7
Senior ASIC Design Engineer,NVIDIA,18.4
Senior Software Development Engineer,NVIDIA,22.1
Senior Software Engineer,NVIDIA,16.9
Senior Software Quality Assurance Engineer,NVIDIA,12.5
Senior Systems Software Engineer,NVIDIA,14.6
Software Engineer,NVIDIA,8.9
Systems Engineer,NVIDIA,9.5
Systems Software Engineer,NVIDIA,9.5
Design Engineer,NXP,8.6
Senior Software Engineer,NXP,8
Senior Software Engineer,Obopay,10.3
Product Manager,Ocwen Financial,20.1
Software Engineer,Ocwen Financial,4.8
Software Development Engineer,Olacabs,15.2
Associate General Manager,Olam International Limited,37.1
Bid Manager,Omnitech,6
Project Manager,One97 Communications,14.9
Assistant Executive Engineer,ONGC,8.5
Executive Engineer,ONGC,15
Engineering Lead,OnMobile,14.9
Product Manager,OnMobile,19.7
Regional Manager,OnMobile,10.2
Senior Software Engineer,OnMobile,10.5
Software Engineer,OnMobile,6.5
Software Quality Engineer,OnMobile,5.5
Technical Lead,OnMobile,15.4
Senior Software Engineer,One Network Enterprises,9.4
CRM developer,Onward Group,2.9
Graduate Engineer Trainee,ONGC Mangalore Petrochemicals Limited,6.3
SEO Executive,Ontarget,1.1
Java J2EE Developer,Oodles Technologies,3.2
Senior Software Engineer,Open Solutions,6.2
Senior Software Engineer,Opera Solutions,8.4
Software Developer,Opel it services,3.8
Junior Software Engineer,Opus software solutions,2.8
Software Development Engineer,Opus software solutions,2.8
Applications Developer,Oracle Financial Services,7.6
Applications Developer II,Oracle Financial Services,7.4
Applications Engineer,Oracle Financial Services,7.4
Applications Engineer II,Oracle Financial Services,10.7
Assistant Manager - Operations,Oracle Financial Services,7.4
Associate Applications Engineer,Oracle Financial Services,7.1
Associate Staff Engineer,Oracle Financial Services,6.8
Associate Staff Engineer,Oracle Financial Services,6.8
Business Analyst,Oracle Financial Services,11.1
Business Operations Analyst III,Oracle Financial Services,7.7
Consultant,Oracle Financial Services,8.6
Design and application engineer,Oracle Financial Services,7.4
Development Manager,Oracle Financial Services,17
IT Consultant,Oracle Financial Services,9
IT Consultant,Oracle Financial Services,9
Lead Financial Analyst,Oracle Financial Services,6.4
Member of Technical Staff,Oracle Financial Services,9.3
Oracle Principal Consultant,Oracle Financial Services,19.8
Oracle Principal Consultant,Oracle Financial Services,19.8
Principal Consultant,Oracle Financial Services,16.5
Principal Member of Technical Staff,Oracle Financial Services,20
Principal Product Manager,Oracle Financial Services,16.3
Principal SQA Engineer,Oracle Financial Services,11.3
Project Lead,Oracle Financial Services,11.7
Project Manager,Oracle Financial Services,12.8
QA Engineer,Oracle Financial Services,8.4
QA Engineer,Oracle Financial Services,8.4
Recruiter,Oracle Financial Services,8.1
Senior Applications Developer,Oracle Financial Services,10.4
Senior Applications Engineer,Oracle Financial Services,8.3
Senior Consultant (Consulting),Oracle Financial Services,10.6
Senior Development Manager,Oracle Financial Services,25.9
Senior Member of Technical Staff,Oracle Financial Services,11.8
Senior Principal Consultant,Oracle Financial Services,19.3
Senior Principal Consultant,Oracle Financial Services,19.3
Senior SQA Engineer,Oracle Financial Services,11.4
Senior Software Engineer,Oracle Financial Services,9.5
Senior Solutions Consultant,Oracle Financial Services,12.1
Senior Technical Analyst,Oracle Financial Services,7
Senior Technical Consultant,Oracle Financial Services,9.9
Software Developer,Oracle Financial Services,8.9
Software Development Engineer,Oracle Financial Services,11
Software Development Manager,Oracle Financial Services,24.4
Software Engineer,Oracle Financial Services,7.3
Software Engineer,Oracle Financial Services,7.3
Staff Software Engineer,Oracle Financial Services,9.6
System Analyst,Oracle Financial Services,5.2
Team Lead,Oracle Financial Services,11
Technical Analyst,Oracle Financial Services,7.5
Technical Application Engineer,Oracle Financial Services,7.9
Senior Database Administrator,Orange Business Services,12.8
Applications Developer,Oracle Financial Services,7.6
Applications Developer II,Oracle Financial Services,7.4
Applications Engineer,Oracle Financial Services,7.4
Applications Engineer II,Oracle Financial Services,10.7
Assistant Manager - Operations,Oracle Financial Services,7.4
Associate Applications Engineer,Oracle Financial Services,7.1
Associate Consultant,Oracle Financial Services,4.7
Associate Staff Engineer,Oracle Financial Services,6.8
Business Analyst,Oracle Financial Services,11.1
Business Operations Analyst III,Oracle Financial Services,7.7
Consultant,Oracle Financial Services,8.6
Development Manager,Oracle Financial Services,17
Financial Analyst,Oracle Financial Services,11
Financial Analyst,Oracle Financial Services,11
IT Consultant,Oracle Financial Services,9
Lead Engineer,Oracle Financial Services,14.2
Member of Technical Staff,Oracle Financial Services,9.3
Oracle Principal Consultant,Oracle Financial Services,19.8
Principal Consultant,Oracle Financial Services,16.5
Principal Member of Technical Staff,Oracle Financial Services,20
Principal Member of Technical Staff,Oracle Financial Services,20
Principal Product Manager,Oracle Financial Services,16.3
Principal SQA Engineer,Oracle Financial Services,11.3
Principal Software Engineer,Oracle Financial Services,15.6
Project Lead,Oracle Financial Services,11.7
Project Manager,Oracle Financial Services,12.8
QA Engineer,Oracle Financial Services,8.4
Recruiter,Oracle Financial Services,8.1
Senior Applications Developer,Oracle Financial Services,10.4
Senior Applications Engineer,Oracle Financial Services,8.3
Senior Consultant (Consulting),Oracle Financial Services,10.6
Senior Development Manager,Oracle Financial Services,25.9
Senior Member of Technical Staff,Oracle Financial Services,11.8
Senior Member of Technical Staff,Oracle Financial Services,11.8
Senior Product Manager,Oracle Financial Services,13.6
Senior SQA Engineer,Oracle Financial Services,11.4
Senior Software Engineer,Oracle Financial Services,9.5
Senior Software Engineer,Oracle Financial Services,9.5
Senior Technical Analyst,Oracle Financial Services,7
Senior Technical Analyst,Oracle Financial Services,7
Software Developer,Oracle Financial Services,8.9
Software Development Engineer,Oracle Financial Services,11
Software Development Engineer,Oracle Financial Services,11
Software Development Manager,Oracle Financial Services,24.4
Staff Consultant,Oracle Financial Services,8.5
Staff Software Engineer,Oracle Financial Services,9.6
System Analyst,Oracle Financial Services,5.2
Team Lead,Oracle Financial Services,11
Technical Analyst,Oracle Financial Services,7.5
Technical Application Engineer,Oracle Financial Services,7.9
Senior Consultant,OSI Technologies,14.2
Lead Developer,Owler,3.4
Engineer II,Parametric Technology,7.4
Technical Lead,Parametric Technology,12.6
Member of Technical Staff I,PayPal,22.2
Software Development Manager,PayPal,28.4
Software Engineer,PayPal,12
SEM - Team Lead,Paladion Networks,14.8
Software Developer,Paladion Networks,2.6
IT Executive,Parle Agro,4.4
Senior Manager - IT,Parle Agro,19.1
Senior Programmer,Parexel International,7.7
Assistant Food and beverage manager,Park Plaza Hotel,9.2
Principal Software Engineer,Pegasystems,14.8
Product Manager,Pegasystems,22.2
Software Engineer,Pegasystems,7.8
Solutions Engineer,Pegasystems,7.4
Systems Architect,Pegasystems,9.3
Associate,Perot Systems,4
QA Analyst,Perot Systems,3.2
Senior Software Analyst,Perot Systems,6.7
Senior Software Engineer,Perot Systems,6.4
Software Engineer,Perot Systems,3.7
Associate Strategist,Persistent Systems,5.7
Business Analyst,Persistent Systems,5.8
Member of Technical Staff,Persistent Systems,5
Module Lead,Persistent Systems,7.8
Programmer,Persistent Systems,3.9
Project Lead,Persistent Systems,13.7
Project Manager,Persistent Systems,15.7
Senior Software Engineer,Persistent Systems,6.4
Senior Team Lead,Persistent Systems,12.1
Software Engineer,Persistent Systems,4.8
Team Lead,Persistent Systems,9.3
Territory Development Manager,Pepsico,15.2
Team Lead,Percept Knorigin,4.1
Human Resources Executive,Pentair,3.7
Assistant Manager - Training,Pearson Education Services,4
Sales Executive,Pearson Education Services,4.9
Software Developer,Pearson Education Services,3.8
Executive,Pearl Polymers,3
Executive,Pearl Polymers,3
Human Resources Executive,People Combine,2.6
Management Trainee,Pfizer,4.9
Business Analyst,PharmARC Analytic Solutions,3.6
Senior Software Engineer,Philips Electronics,7.7
Software Engineer,Philips Electronics,6.2
Engineer,Philips Healthcare,5.7
Officer Trainee,Philips Healthcare,2.7
Senior Software Engineer,Philips Healthcare,8
Senior Technical Specialist,Philips Healthcare,17
Software Engineer,Philips Healthcare,5.3
Technical Specialist,Philips Healthcare,15.7
Business Analyst,Photon Infotech,4.1
Executive Presales,Photon Infotech,5.2
Senior Software Engineer,Pitney bowes,10.5
Senior Support Engineer,Pitney bowes,6.3
Software Test Engineer,PISoftek Ltd,2.6
Assistant Restaurant Manager,Pizza Hut,2.7
3D Modeller,Pixelkraft Media Solution,4.1
Assistant Manager,Pinnacle Infotech Solutions,4.5
Software Engineer,Playdom,12.6
Retail Store Manager,PlanetM,2.2
Software Engineer,Player X Mobile,5.2
Business Analyst,PManifold Business Solutions,1.9
Application Developer,Polaris Software Lab,4.5
Assistant Vice President,Polaris Software Lab,24.8
Associate Consultant,Polaris Software Lab,4.8
Consultant,Polaris Software Lab,7.3
Java Developer,Polaris Software Lab,3.6
Project Manager,Polaris Software Lab,20.2
Senior Project Lead,Polaris Software Lab,10.2
Team Lead,Polaris Software Lab,8.1
Dy Manager - Business Development,Pon Pure Chem,7.5
Associate Software Engineer,Polaris Networks,4.7
Development Engineer,Pramati Technologies,6.8
Senior Development Engineer,Pramati Technologies,13.7
Advisory Manager,PricewaterhouseCoopers,17.6
Assistant Manager,PricewaterhouseCoopers,9.8
Associate,PricewaterhouseCoopers,8.8
Consultant,PricewaterhouseCoopers,9.6
Director,PricewaterhouseCoopers,53.1
Manager,PricewaterhouseCoopers,17.7
Principal Consultant,PricewaterhouseCoopers,15.6
SAP Senior Consultant,PricewaterhouseCoopers,12.4
Senior Associate,PricewaterhouseCoopers,8.6
Senior Consultant,PricewaterhouseCoopers,12.4
Senior SAP Consultant,PricewaterhouseCoopers,9.8
Software Engineer,PricewaterhouseCoopers,6.6
Senior Software Engineer,ProKarma,9.1
Technical Lead,ProKarma,12.8
Assistant Manager - Marketing,Prateek apparels,4.3
Senior Software Developer,Propalms Network,11
Software Architect,Propalms Network,15.8
Associate,Principal Global Services,5.2
Process trainer,Principal Global Services,6.3
Test Analyst,Principal Global Services,5.2
Software Engineer,Prodapt Software,5.6
Senior Engineer,Prysm,9.4
Front-end Developer,Practo Technologies,3.8
Software Engineer,Practo Technologies,13.7
Software Engineer,PSL,4.6
Engineer II,PTC Software,7.2
QA Engineer,PTC Software,6
Senior Engineer,PTC Software,12.5
Software Engineer,PTC Software,9.1
Cabin Crew (Female) Air Hostess,Qatar Airways,9.5
Software Engineer,Qburst Technologies,3.4
Engineer,QLogic,6.3
Senior Software Developer,QLogic,13.8
Associate Software Engineer,Qualcomm,6.8
Engineer,Qualcomm,10.4
Senior Design Verification Engineer,Qualcomm,19.3
Senior Engineer,Qualcomm,13.2
Senior Programmer Analyst,Qualcomm,15.8
Senior Software Engineer,Qualcomm,12.4
Software Engineer,Qualcomm,10.7
Senior Engineer,Quest Inc,5.2
Director,Quintiles,52.7
Director of Engineering,Quintiles,30.2
Senior Engineer,Quest Global,4.9
Business Analyst,Quexa Systems,1.9
Principal Software Engineer,Quikr,23.5
Programmer Analyst,Quinnox,10.5
JBOSS Administrator,Qvantel Software Solutions,11.1
Module Lead,Qwest,11
Senior Software Engineer,Qwest,8.7
Software Engineer,Qwest,6.4
Business Analyst,Ramco Systems,5.7
C++ Developer,Rancore Technologies,4
Management Trainee,Rallis India Ltd,5
Team Lead,Radisys,17.3
General Manager,Ranbaxy,31.5
Software Developer,Raygain,2.2
Excise assistant,Ravikiran,1.9
Team Lead,Rare Mile Technologies,10.5
Process Associate,RBS,2.3
Product Engineer,Rediff.com,11.2
Software Developer,Reflexis Systems,5.9
Assistant Manager,Reliance Communications,4.8
Deputy Manager,Reliance Communications,6.4
General Manager,Reliance Communications,36.2
Member Information Technology,Reliance Communications,4.8
Senior Executive,Reliance Communications,4.2
Chemical engineer,Reliance Industries,2.5
Engineer,Reliance Industries,7.4
Lead Engineer,Reliance Industries,12.6
Manager,Reliance Industries,7.3
Project Manager,Reliance Industries,16.8
Reservoir Engineer,Reliance Industries,8
Assistant Manager,Reliance Infrastructure,6.2
General Management Trainee,Reliance Power,12.6
Manager,Reliance Power,12.7
Engineer,Renault,6.8
Director,Reasoning Global eApplications,22.7
Accountant,Relaxo Footwears,2.2
Trainee,Renault Nissan Technology Business Centre,4.2
Principal Consultant,Realsoft,15.8
Technical Lead,Realsoft,15.8
General Manager,Rexnord,16.7
Senior Technical Support Engineer,Red Hat,8.7
PR Manager,Redbus.in,3.3
Software Developer,RealPage,8.3
QA Engineer,Rewise Analytics and Technologies,3
Assistant General Manager - Sales,REVE Systems,21.7
Project Lead,REVE Systems,14
Senior Software Engineer,REVE Systems,12
Junior Software Engineer,RMN Infotech,1.6
Architect,Robert Bosch,12.1
Assistant Manager,Robert Bosch,9
Associate Project Manager,Robert Bosch,9
Mechanical Design Engineer,Robert Bosch,3.3
Project Manager,Robert Bosch,13.7
SAP Consultant,Robert Bosch,14.2
Senior Software Engineer,Robert Bosch,7.6
Software Engineer,Robert Bosch,4.4
Systems Engineer,Robert Bosch,4.2
Technical Specialist,Robert Bosch,10.4
Senior Technical Recruiter,Rose International,3.7
Associate Analyst,Royal Bank of Scotland,7.1
Business Analyst,Royal Bank of Scotland,7.2
Lead Software Development Engineer,Royal Bank of Scotland,18.4
Process Associate,Royal Bank of Scotland,2.3
Senior Developer,Royal Bank of Scotland,11.1
Software Designer,Royal Bank of Scotland,13.4
Software Engineer,Royal Bank of Scotland,10.1
Systems Analyst,Royal Bank of Scotland,9.6
Tech Lead,Royal Bank of Scotland,13.6
Senior Executive - Human Resources,Royal Tulip,3.8
Lead Technology,Roamware,23.1
Senior Software Engineer,Roamware,8.3
Group Project Manager,Rolta India Ltd,5.4
Software Engineer,Robosoft Technologies,4.2
Software Engineer,RS Software,2
Sales Officer,Ruchi Soya Industries Limited,2.3
Software Technical Lead,Rubicon Red India,27.3
Technical Consultant,Saba Software,8.1
Software Engineer,SafeNet,6.5
Software Development Engineer,SAI Technology,4
Software Engineer,SAIC,7.6
Development Lead,Samsung Group,16.5
Junior Software Engineer,Samsung Group,7.8
Lead Engineer,Samsung Group,9.6
Lead Engineer II,Samsung Group,11.3
Lead Engineer III,Samsung Group,15.4
Manager,Samsung Group,21.7
Senior Software Engineer,Samsung Group,8.2
Software Engineer,Samsung Group,6.2
Technical Lead,Samsung Group,13.5
Associate Consultant,SAP,8.9
Associate Manager,SAP,15.1
Consultant,SAP,10.5
Development Lead,SAP,10.1
Development Manager,SAP,23.6
Director,SAP,31.5
Manager,SAP,22.1
Principal Consultant,SAP,8.5
Principal Software Engineer,SAP,11.4
Project Manager,SAP,15.6
SAP Senior Consultant,SAP,7.4
Senior Quality Engineer,SAP,7.4
Senior SAP Developer,SAP,12.4
Senior Software Engineer,SAP,8.2
Software Engineer,SAP,6.5
Associate,Sapient,4.2
Associate Technology L1,Sapient,4.9
Associate Technology L2,Sapient,6.7
Associate interactive developer,Sapient,4.9
Manager,Sapient,19.9
Manager Programmer Management,Sapient,18
Manager Technology,Sapient,18.7
Quality Assurance Associate L2,Sapient,5.4
Senior Associate L1,Sapient,9.8
Senior Associate Platform L1,Sapient,11.5
Senior Associate Platform L2,Sapient,15.2
Senior Associate QA L1,Sapient,7.2
Senior Associate QA L2,Sapient,8.4
Senior Associate Technology L1,Sapient,10.4
Senior Associate Technology L2,Sapient,11.6
Senior Interactive Developer,Sapient,8.3
Senior Interactive Developer L2,Sapient,17.6
Senior Project Manager,Sapient,19.1
Senior Associate Technical Consultant,SAS Institute,7.2
Senior Software Engineer,SAS Institute,10.1
Software Specialist,SAS Institute,12.5
Design Engineer,Sasken,4.5
Lead Engineer,Sasken,10.6
Principal Engineer,Sasken,15.2
Senior Design Engineer,Sasken,9.6
Senior Software Engineer,Sasken,8.2
Software Engineer,Sasken,5
Associate Software Developer,Sabre Holdings,6.8
R&D Software Engineer,Samsung Software Engineering Lab,7.8
Senior Software Engineer,Samsung Software Engineering Lab,6.1
Software Engineer,Samsung Software Engineering Lab,6.8
Graduate Engineer Trainee,Saint Gobain,4.7
Software Developer,Samtel,4.7
Project Manager - IT,Sachi Infotech,2.5
Scientific executive,Sanofi,4.5
Human Resources Executive,Sanghvi & Sons,1.9
Developer,SAP Labs,8.6
Principal Consultant,SAP Labs,15.8
Senior Associate,SAP Labs,6.7
Senior Software Developer,SAP Labs,8.6
Software Development Engineer,SAP Labs,7.4
Software Engineer,SAP Labs,6.8
Technical Writer,SAP Labs,4.2
Design Engineer,Sandisk,6.4
Senior Software Engineer,SafenNet,9.5
General Manager,Samsung Research India,32.5
Senior Software Engineer,Samsung Research India,7.4
Software Developer,Samsung Research India,6.3
Software Engineer,Samsung Research India,6.5
Technical Lead,Samsung Research India,13.2
Associate,SBI Capital Markets,5.5
Manager,SBI Capital Markets,9.3
Executive,SBI Life Insurance,3.6
Manufacturing Engineer,Schlumberger,13.7
Assistant Manager,Schneider Electric,10.2
Software Development Manager,Schneider Electric,37
Software Engineer,Schneider Electric,7.6
Strategy Manager,Schneider Electric,14.8
Manager,Scope international,9.1
Senior Manager,Scope international,15.4
Team Lead,Scope international,12.9
Senior Software Engineer,SDGC,7.9
Program Manager,SDG Software,20.5
Junior Software Engineer,SemanticBits,1.9
Associate Architect,Seneca Global IT Services Ltd,14.2
Senior Systems Engineer,Sears Holdings India,7.7
Branch Head,Sharekhan Ltd,9.6
Graduate Engineer Trainee,Shapoorji Palonji Company Ltd (SPCL),3.2
Joint President,Shree Ram Urban Infrastructure,27.4
Senior Software Development Engineer,Shopzilla,15.9
Production Seismologist,Shell,19
Graduate Engineer Trainee,Shree systems,1.9
Engineer,Siemens AG,5.2
Project Manager,Siemens AG,18.9
Research Engineer,Siemens AG,9.8
Senior Software Engineer,Siemens AG,11.3
Software Engineer,Siemens AG,5.1
Associate Consultant,Siemens Informations Systems,7.8
Consultant,Siemens Informations Systems,8.1
Senior Software Developer,Siemens Informations Systems,6
Senior Systems Engineer,Siemens Informations Systems,5.8
Systems Engineer,Siemens Informations Systems,3.3
Management Trainee,Siemens IT Solutions and Services,11
Systems Engineer,Siemens IT Solutions and Services,4.7
Software Engineer,Siemens Medical Solutions Health Services,5.2
Business Consultant,Siemens PLM Software,15.2
Intern,Siemens PLM Software,1.8
Senior Software Engineer,Siemens PLM Software,10.5
Senior Technical Lead,Siemens PLM Software,10
Software Engineer,Siemens PLM Software,8.1
Software Engineer Associate,Siemens PLM Software,5.4
Consultant,Sierra Atlantic,4.7
Principal Consultant,Sierra Atlantic,14.5
Senior Consultant,Sierra Atlantic,11.8
Instructional Designer,Sify,5.5
Senior Software Developer,Sify,5.4
Project Manager - IT,SISL,11.4
Senior Systems Engineer,SISL,7.3
Exports Manager,Sitaram Spinners,6.3
Senior Executive - Human Resources,Silicus Technologies,3.5
Software Engineer,Silicus Technologies,4.1
Trainee,Simtech,2.2
Project Coordinator,Sigma Infosolutions,3.6
Consultant,SITA Corp,15.8
Software Test Engineer,Simtech Global IT Services,4
Senior Account Manager,Siemens Enterprise Communications,6
Assistant Vice President - Sales,Siti cable,36.8
Lecturer,Sinhagad College of Engineering,2.3
Senior Software Engineer,Sling Media,11.9
Senior Software Engineer,SLK Software Services,5.7
Software Engineer,SLK Software Services,5.3
Architect,Smeg Designers,23.6
Purchase Manager,SMC,5.9
Development Manager,Snapon,18.8
Principal Consultant,Sobha Renaissance Information Technology,11.7
Business Analyst,Societe Generale,11.8
Project Manager - IT,Societe Generale,21.4
Senior Project Manager,Societe Generale,20.9
Senior Software Developer,Societe Generale,10.2
ASIC Engineer,SoCtronics,3.6
Consultant,Sonata Software,7.6
Project Manager,Sonata Software,15.9
Senior Systems Analyst,Sonata Software,5.7
System Analyst,Sonata Software,5.8
Systems Analyst,Sonata Software,5.1
Technical Lead,Sonata Software,13.6
Senior Software Engineer,Sonus Networks,10.7
Software Engineer,Sonus Networks,6.2
Software Engineer,SONY India Software Centre,7
Tech Lead,Sopra,12.7
Software Engineer,Sourcebits Technologies,5.5
Managing Director,SOLAREO,6.3
Database Administrator,SOLITAIRE SOFTECH,6.5
PHP Developer,Souq.com,3.3
Senior test analyst,Softwared paradigms infotec,8.7
Technical Architect,Spiderlogic,20.6
Manager,Spencers Retail,19.7
Vice President,Spartan Engineering Industries,26.7
Vice President - Marketing,Spartan Engineering Industries,21.7
Marketing Manager,Sportskeeda,4.6
Senior Software Engineer,SpanSystems,7.6
Cabin Crew (Female) Air Hostess,SpiceJet,5.9
Cabin Crew (Male) Steward,SpiceJet,3.5
Senior Software Engineer,ST Ericsson - Global,9.9
Systems Software Engineer,ST Ericsson - Global,6.3
Technical Lead,ST Ericsson - Global,16.7
Distinguished Member of Technical Staff,Starent Networks,27.6
Member of Technical Staff,Starent Networks,8.1
Senior Manager - Key Accounts,Starent Networks,3.7
Trainee Engineer,Starent Networks,4.2
Senior Systems Analyst,Steria India,7.5
Service Manager,Steria India,11.7
Software Engineer,Steria India,5.6
Technical Lead,Steria India,12.5
Technical Team Lead,Steria India,12.6
Associate Managing Consultant,Sterling Commerce,20.5
Development Manager,Sterling Commerce,22
Senior Consultant,Sterling Commerce,12.8
Senior Software Engineer,Sterling Commerce,11.5
Senior Support Engineer,Sterling Commerce,12.5
Software Engineer,Sterling Commerce,7.4
Design Engineer,STMicroelectronics,10.6
Design Engineer II,STMicroelectronics,7.9
Project Manager,STMicroelectronics,17.7
Senior Design Engineer,STMicroelectronics,12.6
Senior Software Engineer,STMicroelectronics,11.3
Software Engineer,STMicroelectronics,6.8
Technical Lead,STMicroelectronics,13.6
Technical Writer,STMicroelectronics,8.7
Area Manager,Stryker,10.5
Design Engineer,Stryker,10.1
Software Engineer,Stryker,7.6
Senior Manager,Star Sports,3.3
Accountant,St. Xaviers College,1.1
Assistant Manager,State Street Syntel,6.6
Senior Consultant,State Street Syntel,5.2
Junior Software Engineer,Stesalit,1.1
Project Lead,Subex Limited,12.8
Senior Engineer-Testing and Configuration,Subex Limited,7.5
Software Engineer,Subex Limited,5.8
Systems Analyst,Subex Limited,8.3
Technical Anchor,Subex Limited,16
Software Engineer,SuccessFactors,5.5
Senior Software Engineer,SumTotal,15.1
Software Design Engineer-II,SumTotal,7.4
Software Engineer,Sun Life,6.3
Member of Technical Staff,Sun Microsystems,8.1
Member of Technical Staff II,Sun Microsystems,9.3
Member of Technical Staff III,Sun Microsystems,11.3
Member of Technical Staff IV,Sun Microsystems,24
Senior Software Engineer,SunGard Higher Education,8
Software Engineer,SunGard Higher Education,3.7
Principal Software Engineer,Sungard Technology Services,18.8
Project Lead,Sungard Technology Services,15.6
Senior Associate,Sungard Technology Services,4.2
Senior Software Engineer,Sungard Technology Services,8.3
Senior Systems Engineer,Sungard Technology Services,6.3
Software Engineer,Sungard Technology Services,7.6
Team Lead,Sungard Technology Services,13
Engineer,Subros,5.3
SEO,Suntec Web Services,1.3
Senior medical coder,Sutherland global service,5.3
Assistant Vice President,Swiss RE,36.1
Senior Software Engineer,Sybase,15.5
Software Engineer,Sybase,5.7
Associate SQA Engineer,Symantec,7.4
Associate Software Engineer,Symantec,6.6
Development Manager,Symantec,23.7
IT Application Specialist,Symantec,7.6
Principal SQA Engineer,Symantec,18.3
Principal Software Engineer,Symantec,22.7
Product Manager,Symantec,18.8
SQA Engineer,Symantec,9.3
SQA Manager,Symantec,18.8
Senior Engineering Manager,Symantec,31
Senior Principal SQA Engineer,Symantec,22.9
Senior Principal Software Engineer,Symantec,25.9
Senior Product Manager,Symantec,35.3
Senior SQA Engineer,Symantec,13.8
Senior Software Engineer,Symantec,14.1
Software Engineer,Symantec,9.7
Associate Engineer,Symphony Teleca,3.7
Associate Product Engineer,Symphony Teleca,4.3
Module Lead,Symphony Teleca,14.6
Project Manager,Symphony Teleca,20.1
Senior Developer,Symphony Teleca,8.5
Senior Engineer,Symphony Teleca,7.5
Senior Product Engineer,Symphony Teleca,5.2
Senior Software Engineer,Symphony Teleca,11
Senior Technical Architect,Symphony Teleca,30.1
Software Engineer,Symphony Teleca,5.1
Solutions Architect,Symphony Teleca,15.1
Technical Lead,Symphony Teleca,12.4
Associate,Synechron,6.1
Lead Technology,Synechron,14.2
Senior Associate,Synechron,8.5
Senior Software Engineer,Synechron,8.8
IREG Engineer,Syniverse,9.4
Senior R&D Engineer,Synopsys,11.4
Associate,Syntel,3.3
Programmer Analyst,Syntel,5.1
Project Lead,Syntel,9.7
Project Manager,Syntel,12.9
Senior Associate,Syntel,4.4
Senior Programmer Analyst,Syntel,6.2
Trainee,Syntel,3.7
Business Analyst,Synygy,4.2
Consultant,Synygy,7.8
Senior Consultant,Synygy,11.9
Senior Software Developer,Talentica,14.8
Senior Software Engineer,Talentica,14.8
Software Developer,Talentica,7.7
Software Engineer,Talentica,12.9
Team Lead,Talentica,15.8
Software Engineer,Tally Solutions,6.5
Business Analyst,Target Corporation India,5.9
Project Manager,Target Corporation India,21.6
Senior Software Engineer,Target Corporation India,7.7
Software Engineer,Target Corporation India,5.8
Manager,Tata AIG,7.1
Senior Software Engineer,Tata Elxsi,5.5
Software Engineer,Tata Elxsi,4.8
Specialist,Tata Elxsi,9.2
Area Manager,Tata Motors,19
Assistant Manager,Tata Motors,5.1
Assistant Manager - Operations,Tata Motors,5.5
Graduate Engineer Trainee,Tata Motors,6.3
Sales Executive,Tata Motors,2.6
Assistant Executive Engineer,Tata Power,5.4
Assistant Manager,Tata Power,6
Assistant Manager Trainee,Tata Power,7.1
Assistant Manager - Projects,Tata Technologies,11.5
Graduate Engineer Trainee,Tata Technologies,4.2
PLM Developer,Tata Technologies,4.2
Marketing Manager,Tata Teleservices,25.4
Software Engineer,Tavant Technologies,4.9
Technical Lead,Tavant Technologies,9.4
Software Developer,Tavisca Solutions,3.7
Senior Manager - Accounting,Tanita,12.4
Marketing Specialist,Tarams,5.2
Director,Tata Steel Zoological Society,6
Business Analyst,TCS e-Serve International,3.2
Business Process Lead,TCS e-Serve International,7.9
Operations Manager,TCS e-Serve International,11
Process Associate,TCS e-Serve International,2.5
Project Manager,TCS e-Serve International,7.2
QA Analyst,TCS e-Serve International,5.2
Quality Assurance Analyst,TCS e-Serve International,5
Team Lead,TCS e-Serve International,6.8
Trainee Engineer,TCS e-Serve International,2.4
Vice President,TCS e-Serve International,49.5
Associate Software Engineer,Tech Mahindra,3.1
Business Analyst,Tech Mahindra,8.6
Consultant,Tech Mahindra,14
Customer Service Manager,Tech Mahindra,3.4
GLC,Tech Mahindra,15.3
Program Manager,Tech Mahindra,15.4
Project Manager,Tech Mahindra,15.8
Senior Networking Engineer,Tech Mahindra,8.2
Senior Project Manager,Tech Mahindra,16.1
Senior Software Engineer,Tech Mahindra,6.2
Senior Solutions Architect,Tech Mahindra,20.7
Senior Technical Associate,Tech Mahindra,8.1
Software Engineer,Tech Mahindra,4.1
Team Lead,Tech Mahindra,7.6
Tech Lead,Tech Mahindra,13.3
Tech Manager,Tech Mahindra,15.4
Technical Architect,Tech Mahindra,19.8
Technical Associate,Tech Mahindra,4.3
Technical Project Manager,Tech Mahindra,16.3
Technical Support,Tech Mahindra,2.9
Associate Consultant,Technopak Advisors,5
Principal Consultant,Technopak Advisors,19.5
Senior Consultant,Technopak Advisors,13.2
Senior Software Engineer,Tecnotree,11.9
Software Engineer,Tecnotree,6.8
R&D Engineer,Tejas Networks,7.2
Senior R&D Engineer,Tejas Networks,11.2
Senior Software Engineer,TELECA,10.3
Business Consultant,Temenos,8.6
Technical Consultant,Temenos,3.8
Associate Technical Consultant,Teradata,6.9
R&D Software Engineer,Teradata,7
Senior Software Engineer II,Teradata,9.8
Senior Technical Consultant,Teradata,9.4
Technical Consultant,Teradata,10.4
Associate Software Engineer,Tesco HSC,4.3
Business Analyst,Tesco HSC,10
Manager Operations,Tesco HSC,22.6
Principal Software Engineer,Tesco HSC,10.5
Project Lead,Tesco HSC,14.8
Project Manager,Tesco HSC,17.8
Senior Software Engineer,Tesco HSC,7.9
Software Engineer,Tesco HSC,5
Analog Design Engineer,Texas Instruments,8.6
Design Engineer,Texas Instruments,8.4
Design Manager,Texas Instruments,34.2
Digital Design Engineer,Texas Instruments,9.7
Lead Engineer,Texas Instruments,17.8
Senior ASIC Design Engineer,Texas Instruments,13.6
Senior Design Engineer,Texas Instruments,15
Senior Software Engineer,Texas Instruments,12.1
Senior Software Engineer,TechJini Solutions,6.6
Software Engineer,TechJini Solutions,3.6
Software Engineer Associate,TechJini Solutions,4.2
Engineer,Technip,3.8
Senior Technical Writer,Tecknic,8.5
Business Development Executive,Teamware Solutions,2.6
HR Admin & Front Office,Team Lease Services,1.8
Assistant Manager - Accounts,TEPL,2.2
Open Source Developer,Tenth Planet Technologies,2.5
PHP Developer,Tekshapers,1.7
Software Developer,Test Networks,7
Customer Service Manager,TE Connectivity,10.1
Marketing Manager,The Nielsen Company,6.7
Research Analyst,The Nielsen Company,5.2
Senior Research Analyst,The Nielsen Company,6.1
Analyst,The Smart Cube,5.7
Business Analyst,Thomson Reuters,9.1
Content Analyst,Thomson Reuters,5.2
Development Manager,Thomson Reuters,22.1
Lead Software Engineer,Thomson Reuters,13.7
Operations support engineer,Thomson Reuters,4.5
Project Manager,Thomson Reuters,13
Senior Quality Assurance Engineer,Thomson Reuters,10.5
Senior Software Engineer,Thomson Reuters,10.2
Senior Systems Engineer,Thomson Reuters,7.4
Software Engineer,Thomson Reuters,7.5
Team Lead,Thomson Reuters,14.7
Technical Lead,Thomson Reuters,17.7
Consultant,Thorogood,9.4
Application Developer,ThoughtWorks,8
Business Analyst,ThoughtWorks,6.9
Consultant,ThoughtWorks,6.8
Developer,ThoughtWorks,6.6
Lead Consultant,ThoughtWorks,20
Quality Assurance Analyst,ThoughtWorks,5.3
Senior Consultant,ThoughtWorks,10.9
Software Engineer,ThoughtWorks,6.7
Business Intelligence Consultant,Thorogood Associates,6.3
Associate Technical Lead,Think Future Technologies,12.6
Executive Business Development,The Only Network,1.9
Graduate Engineer Trainee,ThyssenKrupp,2.5
Senior Executive,ThyssenKrupp,6.8
Associate Consultant,TIBCO Software,7.1
Consultant,TIBCO Software,11.5
Member of Technical Staff,TIBCO Software,6.8
Senior Member of Technical Staff,TIBCO Software,11.7
Development Manager,Tieto,20.5
Project Manager,Tieto,14.8
Senior Software Engineer,Tieto,11.1
Software Engineer,Tieto,6.1
Manager,Times of India,5.3
Manager Operations,Ticketgoose.com,6.4
Senior Software Engineer,Torry Harris Business Solutions,8.2
Software Engineer,Torry Harris Business Solutions,4.3
Engineer,Toyota Kirloskar Motor,8.9
Senior Engineer,Toshiba Plant Systems & Services,6.5
Associate Software Developer,Touch212 Solutions,3.3
Software Architect,TPVision,21.1
Consultant,Trianz,5.3
Senior Project Manager,Trianz,18.2
Business Analyst,Trigent Software,5.3
Software Engineer,Trigent Software,5.6
Technical Associate,Trilogy Enterprises,11.2
Senior Member of Technical Staff,TranSwitch,11.3
Executive sourcing,Trent Ltd,3.2
Technical Consultant,Trident Information Systems,5
Administrator,Trident Staff Solutions,2.9
Software Engineer,Tricon Infotech,8
PHP Developer,Tspace,1.7
Software Engineer,Ubona Technologies,8.1
Engineer,Uhde India,5.7
Hr manager,ULCCS,3.3
Engineer,UL India,3.9
Principal Software Engineer,Umber Systems,16.8
Software Developer,Umber Systems,16.8
Manager,Uninor,14.6
Assistant Manager,Union Bank of India,7.4
Project Analyst,UnitedHealth Group,4.2
Senior Software Engineer,UnitedHealth Group,8.5
Senior Test Engineer,UnitedHealth Group,8
Software Engineer,UnitedHealth Group,6.9
IT Manager,Uniglobe Mod,6.9
Accounting Manager,Unisys,8.7
Consultant II,Unisys,11.6
Software Engineer,United Health Group,4.2
Junior Software Engineer,Unihalt,12.4
Software Development Engineer,Urbantouch.com,8.5
Delivery Head,UST Global,31.5
Engineer,UST Global,9.5
Java J2EE Developer,UST Global,8.5
Junior Software Engineer,UST Global,3.2
Senior Networking Engineer,UST Global,2.6
Senior Software Engineer,UST Global,9.2
Software Engineer,UST Global,6
Systems Analyst,UST Global,10.8
Tester,UST Global,5
Vice President - Technology,Uttam Galva Metalics,37.8
Project Manager,Utiba,19.5
Module Lead,ValueLabs,8
Software Engineer,ValueLabs,3
Tech Lead,ValueLabs,9.9
Software Engineer,Varian Medical Systems,13.7
President,Vascon,62.8
Business Development Executive,Vakrangee Software,3.2
Mechanical Design Engineer,VA solutions,5.5
Software Engineer,Valtech,5.4
Technical Support Engineer,vCustomer,3.9
Sales Manager,VConnect,8.9
Senior Software Engineer,Verisign,7
Analyst,Verizon,6.3
Programmer Analyst,Verizon,7
Project Lead,Verizon,13.2
Project Manager,Verizon,19.1
Senior Analyst,Verizon,7.7
Software Engineer,Verizon,4.7
Systems Analyst,Verizon,7.9
Design Engineer,Verispring Engineering Solutions,3.2
Marketing Consultant,Vertebrand,8.4
Design Engineer,Vetus,3
Associate Engineer,Virtusa,8
Consultant,Virtusa,8.5
Engineer,Virtusa,4.4
Senior Consultant,Virtusa,15
Senior Engineer,Virtusa,7.7
Senior Software Engineer,Virtusa,6
Software Engineer,Virtusa,5.1
Technical Consultant,Virtusa,7.8
Senior Accountant,Vignani Solutions,2.4
Assistant Professor,Vishwakarma Institute of Technology,13.7
Senior Manager - Legal,Videocon d2h,15.8
Software Test Engineer,Videocon d2h,5.9
Consultant,Villa software,5
Security Engineer,Virtela India Pvt. Ltd.,10
Associate,Visionet,1.4
Operations Manager,Vitae International Accounting Services,7.8
Trained Graduate Teacher,VLCC Institute,9
Member of Technical Staff,VMware,12.3
Member of Technical Staff II,VMware,9.2
Member of Technical Staff III,VMware,15.6
QA Engineer III,VMware,12.6
Senior Applications Developer,VMware,19.8
Senior Member of Technical Staff,VMware,21.1
Software Engineer,VMware,12.4
QA Test Analyst,Voxiva,5.1
Project Lead,Volkswagen,7.6
Sales Consultant,Volkswagen,1.9
Test Engineer,Votary Softech Solutions Pvt. Ltd.,10.6
Architect,Voxwill Technologies Pvt. Ltd.,9.4
Developer,Voxwill Technologies Pvt. Ltd.,7.6
IOS Developer,Voxwill Technologies Pvt. Ltd.,7.1
Software Engineer,Voxwill Technologies Pvt. Ltd.,7.6
OSS Engineer,Vodafone,3.3
Software Technical Lead,Volvo,10.2
System Administrator,Vriddhi Management Solutions,9.4
Developer,VRWeb solutions,3.5
Assistant Manager,VSNL,7.4
Manager,VSNL,15.8
Manager Business Excellence,VSNL,16.8
IOS Developer,Vvdn technologies pvt ltd,4
Project Lead,Vyom Labs,7
Senior Accountant,Vyom Labs,4.5
Tester,Vyom Labs,3.2
Trainee - Sales,Vyom Labs,2.7
Software Engineer,WABCO,6.6
Principal Engineer,Walmart Labs,32.9
Senior Engineer,Walmart Labs,27.8
Human Resources Executive,Wartsila,2.9
Assistant Manager - Production,Wago & Controls,6
Software Engineer,Webyog,4.8
Analyst,Wells Fargo,5.4
QA Engineer II,Wells Fargo,6.1
Senior Applications Developer,Wells Fargo,26.4
Technology Specialist,Wells Fargo,8.5
Trainee Web Engineer,Webonise Lab,15.8
Web Developer,Webcontext Technologies,14.1
Mobile Application Developer,WebDecorum,4.7
IT Recruiter,Wenger & Watson Inc.,2.8
Mobile Application Developer,Webengage,22.4
Senior Inside Sales Representative (Lead Generation),Webengage,25.5
Software Developer,Webengage,6.3
Business Manager,WhiteSnow Software Consultancy,4
Senior Software Engineer,WhiteSnow Software Consultancy,4.1
Architect,Wipro Technologies,15.1
Assistant Engineer,Wipro Technologies,4.6
Assistant Manager,Wipro Technologies,14.3
Associate Consultant,Wipro Technologies,9.9
Business Analyst,Wipro Technologies,10.5
Consultant,Wipro Technologies,11.1
Consultant I,Wipro Technologies,12.1
Delivery Manager,Wipro Technologies,17.1
Engineer Applications Management,Wipro Technologies,6.3
Information Security Analyst,Wipro Technologies,3.5
Java Architect,Wipro Technologies,12.6
Module Lead,Wipro Technologies,7.4
Network Engineer,Wipro Technologies,5
Officer,Wipro Technologies,2.4
Pre-Sales Consultant,Wipro Technologies,11.8
Product Manager,Wipro Technologies,15.1
Program Manager,Wipro Technologies,18.1
Project Engineer,Wipro Technologies,4
Project Lead,Wipro Technologies,8.7
Project Manager,Wipro Technologies,14.7
SEO Executive,Wipro Technologies,15
Senior Architect,Wipro Technologies,30
Senior Business Analyst,Wipro Technologies,12.9
Senior Consultant,Wipro Technologies,13.5
Senior Engineer,Wipro Technologies,8.1
Senior Project Engineer,Wipro Technologies,4.6
Senior Project Manager,Wipro Technologies,20.1
Senior Software Engineer,Wipro Technologies,5.5
Senior Specialist Systems,Wipro Technologies,13.6
Senior Systems Engineer,Wipro Technologies,4.7
Senior Technology Consultant,Wipro Technologies,13.9
Senior Test Engineer,Wipro Technologies,4.7
Software Engineer,Wipro Technologies,4.5
Solutions Architect,Wipro Technologies,22.5
Storage Admin Administration,Wipro Technologies,5.2
System Administrator,Wipro Technologies,5.4
Systems Administrator,Wipro Technologies,5.8
Systems Analyst,Wipro Technologies,9.8
Systems Engineer,Wipro Technologies,3.9
Tech Lead,Wipro Technologies,9.2
Technical Architect,Wipro Technologies,8.4
Technical Consultant,Wipro Technologies,11.4
Technical Lead,Wipro Technologies,11.2
Technical Manager,Wipro Technologies,26.2
Technical Project Lead,Wipro Technologies,14.5
Test Engineer,Wipro Technologies,4.6
Test Lead,Wipro Technologies,7.7
Trainee Engineer,Wipro Technologies,3.4
VLSI Project Engineer,Wipro Technologies,4.6
Senior Software Engineer,Winshuttle,10.7
Engineer - Professional Services,Wipro EcoEnergy,3.3
Test Engineer,Wipro EcoEnergy,3.6
PHP Developer,Williams Commerce,7.1
Software Engineer,Willy Online Pty Ltd,4.7
Software Engineer,Winjit,3
Assistant Manager,WNS,8.8
SAP Consultant,WNS,7.5
Senior Analyst,WNS,8.6
Senior Associate (Operations),WNS,4.2
Senior Engineer,WS Atkins,7.6
Software Engineer,Xchanging,4.5
Project Manager,Xerox,16.8
Technical Support,Xenosoft Technologies,4.3
Design Engineer,Xilinx,9.5
Senior Software Engineer,Xilinx,7.9
Senior Finance Associate,XL INDIA,4.7
Test Engineer,XL Dynamics,4.4
Junior Research Analyst,XYZ,10.8
Business Analyst,Yahoo,11.1
Manager Operations,Yahoo,35.3
Principal Software Engineer,Yahoo,26.2
Product Manager,Yahoo,21.9
Program Manager,Yahoo,25.1
Research Engineer,Yahoo,9.1
Senior Software Developer,Yahoo,17.6
Senior Software Engineer,Yahoo,12.1
Senior Systems Engineer,Yahoo,10.2
Software Engineer,Yahoo,10.1
Software Engineering Manager,Yahoo,24.3
Technical Lead,Yahoo,14.8
Deputy Manager,Yatra.com,5.3
Human Resources Executive,Yatra.com,2.5
Senior Travel Consultant,Yatra.com,3.9
Software Engineer,Yatra.com,7.9
Travel Consultant,Yatra.com,2.4
Director,Yes Bank,33.1
Manager,Yes Bank,12
Associate Software Engineer,Yodlee,4.7
Member of Technical Staff,Yodlee,13.7
Senior Software Engineer,Yodlee,10.5
Software Engineer,Yodlee,4.5
Associate,Yokogawa India ltd,3.2
Team Lead,Zamil Information Technology,10.6
Junior Software Engineer,Zensar Technologies,2.8
Project Manager,Zensar Technologies,14.9
Project Manager - IT,Zensar Technologies,14.8
Senior Business Analyst,Zensar Technologies,9.6
Senior Consultant,Zensar Technologies,11.3
Senior Software Engineer,Zensar Technologies,9.7
Senior Technical Lead,Zensar Technologies,11.3
Software Engineer,Zensar Technologies,3.9
Tech Specialist,Zensar Technologies,8.7
Programmer,Zeus Learning,5.4
Associate,Zen3 Infosolutions,2.6
Embedded,Zebros,2.5
Test Engineer,Zedo (India) Pvt. Ltd.,5.9
Developer,Zenith Monitoring Services Pvt. Ltd,14.7
Software Engineer,Zenith Monitoring Services Pvt. Ltd,3.9
Software Engineer,Zeesense Systems,4.4
Software Engineer,Zentech Offshore Engineering,9.1
Head - Digital Content,Zee Learn,9.4
SEO & Internet Marketing,Zensly,1
Member of Technical Staff,Zoho,9.9
Associate Consultant,ZS Associates,8.9
Associate Software Developer,ZS Associates,8.2
Business Analyst,ZS Associates,8.6
Business Associate Consultant,ZS Associates,9.5
Business Operations Associate,ZS Associates,7.5
Business Technology Analyst,ZS Associates,4.7
Business Technology Associate,ZS Associates,5.9
Consultant,ZS Associates,17.1
Consulting Manager,ZS Associates,25.3
General Analytics Associate,ZS Associates,8.7
Associate Software Engineer,Zycus,4
Manager,Zycus,4
Software Engineer,Zycus,4.2
Associate Software Engineer,Zynga,7.6
Senior Software Engineer,Zynga,18.9
Software Engineer,Zynga,12.6
